-- MySQL dump 10.13  Distrib 8.0.25, for Linux (x86_64)
--
-- Host: 172.16.75.231    Database: dong_than
-- ------------------------------------------------------
-- Server version	8.0.17

/*!40101 SET @OLD_CHARACTER_SET_CLIENT=@@CHARACTER_SET_CLIENT */;
/*!40101 SET @OLD_CHARACTER_SET_RESULTS=@@CHARACTER_SET_RESULTS */;
/*!40101 SET @OLD_COLLATION_CONNECTION=@@COLLATION_CONNECTION */;
/*!50503 SET NAMES utf8mb4 */;
/*!40103 SET @OLD_TIME_ZONE=@@TIME_ZONE */;
/*!40103 SET TIME_ZONE='+00:00' */;
/*!40014 SET @OLD_UNIQUE_CHECKS=@@UNIQUE_CHECKS, UNIQUE_CHECKS=0 */;
/*!40014 SET @OLD_FOREIGN_KEY_CHECKS=@@FOREIGN_KEY_CHECKS, FOREIGN_KEY_CHECKS=0 */;
/*!40101 SET @OLD_SQL_MODE=@@SQL_MODE, SQL_MODE='NO_AUTO_VALUE_ON_ZERO' */;
/*!40111 SET @OLD_SQL_NOTES=@@SQL_NOTES, SQL_NOTES=0 */;

--
-- Table structure for table `division`
--

DROP TABLE IF EXISTS `division`;
/*!40101 SET @saved_cs_client     = @@character_set_client */;
/*!50503 SET character_set_client = utf8mb4 */;
CREATE TABLE `division` (
  `id` int(11) NOT NULL AUTO_INCREMENT,
  `name` varchar(255) DEFAULT NULL,
  `type` int(11) NOT NULL,
  `description` varchar(512) DEFAULT NULL,
  PRIMARY KEY (`id`)
) ENGINE=InnoDB AUTO_INCREMENT=32 DEFAULT CHARSET=utf8;
/*!40101 SET character_set_client = @saved_cs_client */;

--
-- Dumping data for table `division`
--

LOCK TABLES `division` WRITE;
/*!40000 ALTER TABLE `division` DISABLE KEYS */;
INSERT INTO `division` VALUES (1,'Phòng Kỹ thuật',1,NULL),(2,'Phòng KCS',1,NULL),(3,'Phòng Trắc địa địa chất',1,NULL),(4,'Ban lãnh đạo',1,'Gồm các thành viên thuộc ban lãnh đạo'),(5,'PX.KT1',2,NULL),(6,'PX.KT3',2,NULL),(7,'PX.KT4',2,NULL),(10,'PX.KT2',2,NULL),(11,'PX.KT5',2,NULL),(12,'PX.KT6',2,NULL),(13,'PX.KT7',2,NULL),(14,'PX.KT8',2,NULL),(15,'PX.KT9',2,NULL),(16,'PX.KTLT',2,NULL),(17,'PX.ĐL1',2,NULL),(18,'PX.ĐL2',2,NULL),(19,'PX.ĐL4',2,NULL),(20,'PX.ĐL5',2,NULL),(21,'PX.ĐL6',2,NULL),(22,'PX.VTL1',2,NULL),(23,'PX.VTL2',2,NULL),(24,'PX.TGTN',2,NULL),(25,'PX.XLM',2,NULL),(26,'PX.TVXD',2,NULL),(27,'PX.T.Long',2,NULL),(29,'PX.KT',2,'Phân xưởng khai thác ảo (tượng trưng đơn vị thực hiện các công việc khai thác chưa được phân cho Phân xưởng khai thác nào'),(30,'PX.ĐL',2,'Phân xưởng đào lò ảo (tượng trưng đơn vị thực hiện các công việc đào lò chưa được phân cho Phân xưởng đào lò nào'),(31,'PX.TN (thuê ngoài)',2,'Phân xưởng ảo (tượng trưng đơn vị thực hiện các công việc khai thác chưa được phân cho Phân xưởng thuê ngoài nào');
/*!40000 ALTER TABLE `division` ENABLE KEYS */;
UNLOCK TABLES;

--
-- Table structure for table `division_project_assoc`
--

DROP TABLE IF EXISTS `division_project_assoc`;
/*!40101 SET @saved_cs_client     = @@character_set_client */;
/*!50503 SET character_set_client = utf8mb4 */;
CREATE TABLE `division_project_assoc` (
  `id` int(11) NOT NULL AUTO_INCREMENT,
  `division` int(11) NOT NULL,
  `project` int(11) NOT NULL,
  PRIMARY KEY (`id`)
) ENGINE=InnoDB AUTO_INCREMENT=176 DEFAULT CHARSET=utf8;
/*!40101 SET character_set_client = @saved_cs_client */;

--
-- Dumping data for table `division_project_assoc`
--

LOCK TABLES `division_project_assoc` WRITE;
/*!40000 ALTER TABLE `division_project_assoc` DISABLE KEYS */;
INSERT INTO `division_project_assoc` VALUES (30,5,1),(31,6,1),(32,7,1),(33,5,2),(34,7,2),(35,5,4),(36,7,4),(37,5,5),(38,5,6),(39,6,6),(61,5,7),(62,10,7),(63,6,7),(64,7,7),(65,11,7),(66,12,7),(67,13,7),(68,14,7),(69,15,7),(70,16,7),(71,27,7),(72,24,7),(73,26,7),(74,22,7),(75,23,7),(76,25,7),(77,17,7),(78,18,7),(79,19,7),(80,20,7),(81,21,7),(82,5,8),(83,27,8),(84,21,8),(85,5,9),(86,27,9),(87,24,9),(88,17,9),(89,5,3),(90,6,3),(91,7,3),(92,5,10),(93,22,10),(94,17,10),(106,5,11),(107,10,11),(108,22,11),(109,23,11),(110,17,11),(111,18,11),(155,29,13),(156,10,14),(158,5,15),(168,29,12),(169,16,12),(170,31,12),(171,26,12),(172,22,12),(173,23,12),(174,25,12),(175,30,12);
/*!40000 ALTER TABLE `division_project_assoc` ENABLE KEYS */;
UNLOCK TABLES;

--
-- Table structure for table `global_plan`
--

DROP TABLE IF EXISTS `global_plan`;
/*!40101 SET @saved_cs_client     = @@character_set_client */;
/*!50503 SET character_set_client = utf8mb4 */;
CREATE TABLE `global_plan` (
  `id` int(11) NOT NULL AUTO_INCREMENT,
  `name` varchar(512) NOT NULL,
  `create_time` datetime NOT NULL,
  `creator` int(11) NOT NULL,
  `year` int(11) NOT NULL,
  `description` varchar(512) DEFAULT NULL,
  PRIMARY KEY (`id`)
) ENGINE=InnoDB AUTO_INCREMENT=30 DEFAULT CHARSET=utf8;
/*!40101 SET character_set_client = @saved_cs_client */;

--
-- Dumping data for table `global_plan`
--

LOCK TABLES `global_plan` WRITE;
/*!40000 ALTER TABLE `global_plan` DISABLE KEYS */;
INSERT INTO `global_plan` VALUES (9,'Kế hoạch 2020 theo QĐ 111','2020-11-26 15:33:47',1,2020,'Kế hoạch ... theo quyết định số 111 của tập đoàn'),(22,'ádfa','2020-12-02 12:23:39',1,2020,'Công trình này dùng để kiểm tra chức năng tạo / quản lí công trình'),(23,'Kế hoạch theo QĐ 11x','2020-12-02 14:36:15',1,2021,'Kế hoạch xxx theo quyết định số 11x của tập đoàn'),(24,'Kế hoạch 2021 - dự thảo','2021-09-11 10:01:06',1,2021,'192837'),(25,'Kế hoạch 2021 - review lần 1','2021-09-11 10:31:40',1,2021,NULL),(26,'KHSX 2022 (QĐ 123)','2021-09-13 17:07:56',20,2022,'Kế hoạch sản xuất năm 2022 (QĐ 123)'),(28,'KH 2019 (QĐ 2227/QĐ-TKV)','2021-09-14 16:38:49',20,2019,'KH 2019 (QĐ 2227/QĐ-TKV ngày 24/12/2018)'),(29,'KH 2019 (QĐ 2168/QĐ-TKV)','2021-09-21 14:04:24',21,2019,'Kế hoạch: KH 2019 (QĐ 2168/QĐ-TKV) ngày 18/12/2018');
/*!40000 ALTER TABLE `global_plan` ENABLE KEYS */;
UNLOCK TABLES;

--
-- Table structure for table `project`
--

DROP TABLE IF EXISTS `project`;
/*!40101 SET @saved_cs_client     = @@character_set_client */;
/*!50503 SET character_set_client = utf8mb4 */;
CREATE TABLE `project` (
  `id` int(11) NOT NULL AUTO_INCREMENT,
  `name` varchar(255) NOT NULL,
  `creator` int(11) NOT NULL,
  `create_time` datetime NOT NULL DEFAULT CURRENT_TIMESTAMP,
  `start_date` date DEFAULT NULL,
  `end_date` date DEFAULT NULL,
  `finish_time` datetime DEFAULT NULL,
  `description` varchar(512) DEFAULT NULL,
  PRIMARY KEY (`id`)
) ENGINE=InnoDB AUTO_INCREMENT=16 DEFAULT CHARSET=utf8;
/*!40101 SET character_set_client = @saved_cs_client */;

--
-- Dumping data for table `project`
--

LOCK TABLES `project` WRITE;
/*!40000 ALTER TABLE `project` DISABLE KEYS */;
INSERT INTO `project` VALUES (1,'Công trình 1',1,'2019-09-25 02:17:14','2019-09-01','2019-12-03',NULL,'Công trình số 1...'),(2,'Công trình 2',1,'2019-09-28 14:46:50','2019-09-01','2020-01-17',NULL,NULL),(3,'Công trình ĐL0987',1,'2019-09-28 15:31:26','2019-09-26','2019-10-26',NULL,'Công trình phục vụ minh họa khóa/mở khóa công trình'),(4,'Công trình 3',1,'2019-10-04 10:30:28','2019-10-04','2020-03-13',NULL,NULL),(5,'Công trình 4',1,'2019-10-04 10:31:52','2019-10-04','2020-01-09',NULL,NULL),(6,'CT test 10/2020',1,'2020-10-01 11:16:21','2020-10-01','2020-10-06',NULL,'Công trình này dùng để kiểm tra chức năng tạo / quản lí công trình'),(7,'Công trình 2020',1,'2020-11-26 09:52:07','2020-01-01','2020-03-31',NULL,'Số liệu 3 tháng đầu năm 2020'),(8,'CT 2020_001',1,'2020-12-01 16:55:07','2020-01-01','2020-12-08',NULL,'Công trình mã số 001 năm 2020'),(9,'Công trình thử nghiệm',20,'2021-09-13 11:54:25','2021-08-01','2021-09-30',NULL,'Công trình thử nghiệm tính năng của hệ thống'),(10,'CT 2022-001',20,'2021-09-13 16:43:40','2022-01-01','2022-12-01',NULL,'Công trình thử nghiệm cho năm 2022 - Stt 001'),(11,'CT 2022-002',20,'2021-09-13 17:40:40','2022-01-01','2022-03-31',NULL,'Công trình thử nghiệm cho năm 2022 - Stt 002'),(12,'CT 2019 - chưa triển khai',20,'2021-09-14 16:13:11','2019-01-01','2019-12-31',NULL,'Công trình 2019, chưa triển khai, dùng để tạo kế hoạch'),(13,'abcxyz',20,'2021-09-14 16:37:10','2019-01-01','2019-12-31',NULL,NULL),(14,'CT 2019 - PX.KT2 - đã triển khai',20,'2021-09-14 17:01:53','2019-01-01','2019-12-31',NULL,'Dùng giả lập số liệu đã triển khai của các công trình trong năm 2019 của PX.KT2'),(15,'CT 2019 - PX.KT1 - đã triển khai T1-6',21,'2021-09-21 14:16:20','2019-01-01','2019-06-30',NULL,'Công trình 2019 - bởi PX.KT1 - đã triển khai tháng 1 - tháng 6, dùng kiểm tra hệ thống');
/*!40000 ALTER TABLE `project` ENABLE KEYS */;
UNLOCK TABLES;

--
-- Table structure for table `project_data`
--

DROP TABLE IF EXISTS `project_data`;
/*!40101 SET @saved_cs_client     = @@character_set_client */;
/*!50503 SET character_set_client = utf8mb4 */;
CREATE TABLE `project_data` (
  `id` int(11) NOT NULL AUTO_INCREMENT,
  `item` int(11) NOT NULL,
  `value` double NOT NULL,
  `data_group` int(11) NOT NULL,
  PRIMARY KEY (`id`)
) ENGINE=InnoDB AUTO_INCREMENT=1285 DEFAULT CHARSET=utf8;
/*!40101 SET character_set_client = @saved_cs_client */;

--
-- Dumping data for table `project_data`
--

LOCK TABLES `project_data` WRITE;
/*!40000 ALTER TABLE `project_data` DISABLE KEYS */;
INSERT INTO `project_data` VALUES (85,3,10,22),(86,4,20,22),(87,3,10,23),(88,4,20,23),(89,3,20,25),(90,4,30,25),(132,14,399.3,36),(133,21,1.9,36),(134,14,399.3,37),(135,21,1.9,37),(136,14,399.3,38),(137,21,1.9,38),(138,14,399.3,39),(139,21,1.9,39),(140,14,399.3,40),(141,21,1.9,40),(142,14,399.3,41),(143,21,1.9,41),(144,14,399.3,42),(145,21,1.9,42),(146,14,399.3,43),(147,21,1.9,43),(148,14,399.3,44),(149,21,1.9,44),(150,14,399.3,45),(151,21,1.9,45),(152,14,399.3,46),(153,21,1.9,46),(154,14,399.3,47),(155,21,1.9,47),(156,14,399.3,48),(157,21,1.9,48),(158,14,399.3,49),(159,21,1.9,49),(160,14,399.3,50),(161,21,1.9,50),(162,14,399.3,51),(163,21,1.9,51),(164,14,399.3,52),(165,21,1.9,52),(166,14,399.3,53),(167,21,1.9,53),(168,14,399.3,54),(169,21,1.9,54),(170,14,399.3,55),(171,21,1.9,55),(172,14,399.3,56),(173,21,1.9,56),(174,14,399.3,57),(175,21,1.9,57),(176,14,399.3,58),(177,21,1.9,58),(178,14,399.3,59),(179,21,1.9,59),(180,14,399.3,60),(181,21,1.9,60),(182,14,399.3,61),(183,21,1.9,61),(184,14,399.3,62),(185,21,1.9,62),(186,14,399.3,63),(187,21,1.9,63),(188,14,399.3,64),(189,21,1.9,64),(190,14,399.3,65),(191,21,1.9,65),(192,14,399.4,66),(193,21,1.91,66),(194,14,219.63,67),(195,21,2,67),(196,14,219.63,68),(197,21,2,68),(198,14,219.63,69),(199,21,2,69),(200,14,219.63,70),(201,21,2,70),(202,14,219.63,71),(203,21,2,71),(204,14,219.63,72),(205,21,2,72),(206,14,219.63,73),(207,21,2,73),(208,14,219.63,74),(209,21,2,74),(210,14,219.63,75),(211,21,2,75),(212,14,219.63,76),(213,21,2,76),(214,14,219.63,77),(215,21,2,77),(216,14,219.63,78),(217,21,2,78),(218,14,219.63,79),(219,21,2,79),(220,14,219.63,80),(221,21,2,80),(222,14,219.63,81),(223,21,2,81),(224,14,219.63,82),(225,21,2,82),(226,14,219.63,83),(227,21,2,83),(228,14,219.63,84),(229,21,2,84),(230,14,219.63,85),(231,21,2,85),(232,14,219.63,86),(233,21,2,86),(234,14,219.63,87),(235,21,2,87),(236,14,219.63,88),(237,21,2,88),(238,14,219.63,89),(239,21,2,89),(240,14,219.63,90),(241,21,2,90),(242,14,219.63,91),(243,21,2,91),(244,14,219.63,92),(245,21,2,92),(246,14,219.63,93),(247,21,2,93),(252,14,658.9,94),(253,21,6,94),(254,14,4443.4,95),(255,20,92,95),(256,21,293,95),(257,27,9,95),(259,14,4443.4,97),(260,11,5576.75,98),(261,11,5576.75,99),(262,11,3500,100),(263,11,3501,101),(264,11,5000,102),(265,21,12.6,102),(266,11,4437.8,103),(267,14,4000,104),(268,20,113,104),(269,21,81,104),(270,24,12.7,104),(271,14,6724.4,105),(272,14,3000,106),(273,21,18,106),(274,44,12,106),(275,14,3003,107),(276,14,7448,108),(277,20,466,108),(278,21,63.8,108),(279,24,48,108),(280,44,5,108),(281,14,4448,109),(284,14,8000,111),(285,14,2682,112),(286,21,110,112),(287,13,6000,113),(288,14,10730,114),(289,21,30,114),(290,14,5000,115),(291,20,2303,116),(292,24,9,116),(293,27,188.3,116),(294,20,1539,117),(295,21,63,117),(296,27,116,117),(297,20,284,118),(298,21,36,118),(299,24,13,118),(300,27,26.2,118),(301,11,10000,119),(302,11,8740,120),(303,21,20,120),(304,11,8402,121),(305,11,4000,122),(307,11,10079,123),(308,11,13000,124),(313,14,2000,127),(314,14,10212,126),(315,21,162.8,126),(316,41,5.4,126),(317,14,1852,128),(318,21,25,128),(319,14,6000,129),(320,14,4748.7,130),(321,21,25,130),(322,13,8000,131),(328,11,3567.8,133),(329,21,38,133),(330,11,2000,134),(331,11,2217.5,135),(332,11,3000,136),(333,11,5127,137),(334,21,67,137),(336,11,5000,138),(337,13,3113.6,139),(338,20,283,139),(339,21,374,139),(340,13,3000,140),(341,24,10.5,140),(342,27,20,140),(343,13,3697,141),(344,20,468,141),(345,21,42,141),(346,27,48,141),(347,13,1000,142),(348,13,5508,143),(349,20,744,143),(350,21,92,143),(351,27,65,143),(352,13,7000,144),(353,4,2394.9,145),(354,7,73991,145),(355,4,4000,146),(356,7,50000,146),(357,20,1020.6,147),(358,24,177.4,147),(359,27,25,147),(360,40,70.6,147),(362,20,1000,148),(363,20,916,149),(364,24,84.4,149),(365,40,45.5,149),(366,20,1566,150),(367,21,187,150),(368,24,125.5,150),(369,40,78.2,150),(370,41,31.5,150),(371,14,12400,151),(372,21,59,151),(373,14,6570,152),(374,21,70,152),(375,20,1566,153),(376,21,187,153),(378,11,11143,155),(379,11,7000,156),(380,20,1200,157),(381,21,565,157),(382,14,10735,158),(383,20,113,158),(384,21,81,158),(386,14,6000,159),(387,21,18,159),(388,14,11450,160),(389,20,466,160),(390,21,63.8,160),(391,14,14334,161),(392,21,26,161),(393,14,8682,162),(394,21,110,162),(395,14,15730,163),(396,21,30,163),(397,14,6426,110),(398,21,26,110),(404,3,10,165),(405,4,20,165),(406,15,123,165),(407,16,345,165),(408,25,100,165),(409,26,200,165),(412,13,24,166),(413,15,44,166),(414,3,1,167),(415,4,2,167),(416,6,3,167),(417,7,4,167),(418,10,2,167),(419,11,1,167),(420,12,3,167),(467,3,8,172),(468,6,3,172),(469,7,13,172),(476,3,1,170),(477,4,2,170),(478,6,3,170),(479,7,4,170),(480,10,6,170),(481,11,7,170),(482,3,11,171),(483,4,22,171),(484,6,33,171),(485,7,44,171),(486,10,66,171),(487,11,77,171),(553,4,55,178),(554,6,431,178),(555,7,21,178),(556,10,1,178),(557,11,22,178),(593,3,1,173),(594,4,2,173),(595,6,3,173),(596,7,4,173),(597,10,6,173),(598,11,7,173),(599,3,11,174),(600,4,22,174),(601,6,33,174),(602,7,44,174),(603,10,66,174),(604,11,77,174),(605,3,6,175),(606,4,7,175),(607,7,8,175),(608,10,9,175),(609,3,66,176),(610,4,77,176),(611,7,88,176),(612,10,99,176),(613,3,4,177),(614,6,123,177),(615,10,2,177),(616,3,112,164),(617,4,222,164),(618,6,333,164),(619,7,444,164),(620,10,666,164),(621,11,777,164),(646,18,2,179),(647,12,1,180),(648,12,2,182),(649,13,2,182),(650,16,2,182),(651,14,3,183),(652,11,1,184),(653,14,4,185),(704,10,222,190),(705,246,333,190),(706,246,11,191),(740,3,20,195),(741,4,3,195),(742,6,31,195),(743,7,32,195),(744,10,35,195),(745,246,6,195),(746,11,1,195),(747,3,3,196),(748,4,24,196),(749,6,2,196),(750,7,2,196),(751,10,1,196),(752,246,1,196),(753,11,1,196),(754,3,5,197),(755,4,6,197),(756,6,1,197),(757,7,2,197),(758,3,1,198),(759,6,1,198),(760,10,15,198),(761,6,1,199),(762,10,222,199),(763,246,333,199),(764,7,3,200),(765,246,11,200),(766,3,5,194),(767,4,3,194),(768,6,2,194),(770,3,6,192),(771,4,24,192),(772,6,2,192),(773,7,2,192),(774,10,1,192),(775,246,1,192),(776,11,1,192),(785,3,5,193),(786,4,6,193),(788,7,2,193),(793,6,111,193),(794,3,12,201),(795,4,111,201),(796,6,2,201),(797,7,4,201),(802,3,10,202),(803,4,100,202),(804,6,20,202),(805,7,200,202),(810,24,10,203),(811,25,100,203),(812,27,20,203),(813,28,200,203),(814,3,10,204),(815,4,100,204),(816,6,20,204),(817,7,200,204),(818,3,1,205),(819,4,10,205),(820,3,1,206),(821,4,10,206),(1179,3,21,187),(1180,4,3,187),(1181,6,31,187),(1182,7,32,187),(1183,10,35,187),(1184,246,6,187),(1185,11,1,187),(1186,3,1,188),(1187,6,1,188),(1188,10,15,188),(1189,3,2,189),(1190,4,30,189),(1191,6,1,189),(1192,7,2,189),(1194,4,150000,208),(1197,11,11153.5,211),(1198,11,7001,210),(1199,11,9437.8,212),(1200,11,6562,213),(1201,11,8236,214),(1202,11,10678,215),(1205,3,10,216),(1206,4,100,216),(1207,6,20,216),(1208,7,200,216),(1221,256,235,226),(1222,256,235,227),(1223,256,235,228),(1224,256,235,229),(1225,256,235,230),(1226,256,235,231),(1227,256,235,232),(1228,256,235,233),(1229,256,235,234),(1230,256,235,235),(1231,256,235,236),(1232,256,235,237),(1233,256,235,238),(1234,256,235,239),(1235,256,235,240),(1236,256,235,241),(1237,256,235,242),(1238,256,235,243),(1239,256,235,244),(1240,256,235,245),(1241,256,235,246),(1242,256,235,247),(1243,256,235,248),(1244,256,235,249),(1245,256,235,250),(1246,256,235,251),(1247,256,235,252),(1248,256,244,218),(1249,262,60,218),(1250,69,2.4,218),(1251,256,399,222),(1252,256,399,223),(1253,256,399,224),(1254,256,399,253),(1255,256,399,254),(1256,256,399,255),(1257,256,399,256),(1258,256,399,257),(1259,256,399,258),(1260,256,399,259),(1261,256,399,260),(1262,256,399,261),(1263,256,399,262),(1264,256,399,263),(1265,256,399,264),(1266,256,399,265),(1267,256,399,266),(1268,256,399,267),(1269,256,399,268),(1270,256,399,269),(1271,256,399,270),(1272,256,399,271),(1273,256,399,272),(1274,256,399,273),(1275,256,399,274),(1276,256,399,275),(1277,256,399,276),(1278,256,399,225),(1279,256,399,277),(1280,256,399,278),(1281,256,408.4,217),(1282,262,59.1,217),(1283,69,19.4,217),(1284,73,14.1,217);
/*!40000 ALTER TABLE `project_data` ENABLE KEYS */;
UNLOCK TABLES;

--
-- Table structure for table `project_data_group`
--

DROP TABLE IF EXISTS `project_data_group`;
/*!40101 SET @saved_cs_client     = @@character_set_client */;
/*!50503 SET character_set_client = utf8mb4 */;
CREATE TABLE `project_data_group` (
  `id` int(11) NOT NULL AUTO_INCREMENT,
  `project` int(11) NOT NULL,
  `check_date` date NOT NULL,
  `update_time` datetime NOT NULL,
  `type` int(11) NOT NULL,
  `division` int(11) DEFAULT NULL,
  `global_plan` int(11) DEFAULT NULL,
  PRIMARY KEY (`id`)
) ENGINE=InnoDB AUTO_INCREMENT=280 DEFAULT CHARSET=utf8;
/*!40101 SET character_set_client = @saved_cs_client */;

--
-- Dumping data for table `project_data_group`
--

LOCK TABLES `project_data_group` WRITE;
/*!40000 ALTER TABLE `project_data_group` DISABLE KEYS */;
INSERT INTO `project_data_group` VALUES (19,4,'2021-03-11','2020-03-11 10:48:50',4,NULL,NULL),(20,1,'2021-03-11','2020-03-11 11:01:21',4,NULL,NULL),(21,1,'2021-03-11','2020-03-11 11:01:50',3,NULL,NULL),(22,1,'2021-03-11','2020-03-11 11:01:56',3,NULL,NULL),(23,1,'2021-03-11','2020-03-11 11:02:51',4,NULL,NULL),(24,2,'2021-03-11','2020-03-11 11:07:09',4,NULL,NULL),(25,2,'2021-03-11','2020-03-11 14:37:44',4,NULL,NULL),(36,7,'2020-01-01','2020-11-26 10:45:42',2,5,NULL),(37,7,'2020-01-02','2020-11-26 10:45:49',2,5,NULL),(38,7,'2020-01-03','2020-11-26 10:45:56',2,5,NULL),(39,7,'2020-01-04','2020-11-26 10:46:02',2,5,NULL),(40,7,'2020-01-05','2020-11-26 10:46:07',2,5,NULL),(41,7,'2020-01-06','2020-11-26 10:46:17',2,5,NULL),(42,7,'2020-01-07','2020-11-26 10:46:23',2,5,NULL),(43,7,'2020-01-08','2020-11-26 10:46:28',2,5,NULL),(44,7,'2020-01-09','2020-11-26 10:46:35',2,5,NULL),(45,7,'2020-01-10','2020-11-26 10:46:41',2,5,NULL),(46,7,'2020-01-11','2020-11-26 10:46:47',2,5,NULL),(47,7,'2020-01-12','2020-11-26 10:46:52',2,5,NULL),(48,7,'2020-01-13','2020-11-26 10:46:59',2,5,NULL),(49,7,'2020-01-14','2020-11-26 10:47:06',2,5,NULL),(50,7,'2020-01-15','2020-11-26 10:47:11',2,5,NULL),(51,7,'2020-01-16','2020-11-26 10:47:16',2,5,NULL),(52,7,'2020-01-17','2020-11-26 10:47:53',2,5,NULL),(53,7,'2020-01-18','2020-11-26 10:48:00',2,5,NULL),(54,7,'2020-01-19','2020-11-26 10:48:05',2,5,NULL),(55,7,'2020-01-20','2020-11-26 10:48:09',2,5,NULL),(56,7,'2020-01-21','2020-11-26 10:48:14',2,5,NULL),(57,7,'2020-01-22','2020-11-26 10:48:20',2,5,NULL),(58,7,'2020-01-23','2020-11-26 10:48:25',2,5,NULL),(59,7,'2020-01-24','2020-11-26 10:48:32',2,5,NULL),(60,7,'2020-01-25','2020-11-26 10:48:41',2,5,NULL),(61,7,'2020-01-26','2020-11-26 10:48:48',2,5,NULL),(62,7,'2020-01-27','2020-11-26 10:48:53',2,5,NULL),(63,7,'2020-01-28','2020-11-26 10:48:57',2,5,NULL),(64,7,'2020-01-29','2020-11-26 10:49:03',2,5,NULL),(65,7,'2020-01-30','2020-11-26 10:49:09',2,5,NULL),(66,7,'2020-01-31','2020-11-26 10:49:54',2,5,NULL),(67,7,'2020-02-01','2020-11-26 10:51:38',2,5,NULL),(68,7,'2020-02-02','2020-11-26 10:51:52',2,5,NULL),(69,7,'2020-02-03','2020-11-26 10:51:58',2,5,NULL),(70,7,'2020-02-04','2020-11-26 10:52:03',2,5,NULL),(71,7,'2020-02-05','2020-11-26 10:52:07',2,5,NULL),(72,7,'2020-02-06','2020-11-26 10:52:12',2,5,NULL),(73,7,'2020-02-07','2020-11-26 10:52:16',2,5,NULL),(74,7,'2020-02-08','2020-11-26 10:52:21',2,5,NULL),(75,7,'2020-02-09','2020-11-26 10:52:27',2,5,NULL),(76,7,'2020-02-10','2020-11-26 10:52:31',2,5,NULL),(77,7,'2020-02-11','2020-11-26 10:52:36',2,5,NULL),(78,7,'2020-02-12','2020-11-26 10:52:41',2,5,NULL),(79,7,'2020-02-13','2020-11-26 10:52:45',2,5,NULL),(80,7,'2020-02-14','2020-11-26 10:52:49',2,5,NULL),(81,7,'2020-02-15','2020-11-26 10:52:54',2,5,NULL),(82,7,'2020-02-16','2020-11-26 10:53:00',2,5,NULL),(83,7,'2020-02-17','2020-11-26 10:53:05',2,5,NULL),(84,7,'2020-02-18','2020-11-26 10:53:14',2,5,NULL),(85,7,'2020-02-19','2020-11-26 10:53:18',2,5,NULL),(86,7,'2020-02-20','2020-11-26 10:53:26',2,5,NULL),(87,7,'2020-02-21','2020-11-26 10:53:31',2,5,NULL),(88,7,'2020-02-22','2020-11-26 10:53:36',2,5,NULL),(89,7,'2020-02-23','2020-11-26 10:53:40',2,5,NULL),(90,7,'2020-02-24','2020-11-26 10:53:44',2,5,NULL),(91,7,'2020-02-25','2020-11-26 10:53:49',2,5,NULL),(92,7,'2020-02-26','2020-11-26 10:53:54',2,5,NULL),(93,7,'2020-02-27','2020-11-26 10:54:00',2,5,NULL),(94,7,'2020-02-28','2020-11-26 10:54:04',2,5,NULL),(95,7,'2020-03-01','2020-11-26 10:54:09',2,5,NULL),(96,7,'2020-03-02','2020-11-26 10:59:51',2,5,NULL),(97,7,'2020-03-09','2020-11-26 11:00:18',2,5,NULL),(98,7,'2020-01-10','2020-11-26 11:01:32',2,10,NULL),(99,7,'2020-01-17','2020-11-26 11:01:41',2,10,NULL),(100,7,'2020-02-10','2020-11-26 11:02:27',2,10,NULL),(101,7,'2020-02-18','2020-11-26 11:02:36',2,10,NULL),(102,7,'2020-03-10','2020-11-26 11:03:33',2,10,NULL),(103,7,'2020-03-18','2020-11-26 11:03:49',2,10,NULL),(104,7,'2020-01-10','2020-11-26 11:05:26',2,6,NULL),(105,7,'2020-01-20','2020-11-26 11:05:49',2,6,NULL),(106,7,'2020-02-10','2020-11-26 11:07:39',2,6,NULL),(107,7,'2020-02-18','2020-11-26 11:07:55',2,6,NULL),(108,7,'2020-03-10','2020-11-26 11:09:46',2,6,NULL),(109,7,'2020-03-18','2020-11-26 11:11:19',2,6,NULL),(110,7,'2020-01-08','2020-11-26 11:12:44',2,7,NULL),(111,7,'2020-01-18','2020-11-26 11:12:59',2,7,NULL),(112,7,'2020-02-10','2020-11-26 11:13:39',2,7,NULL),(113,7,'2020-02-18','2020-11-26 11:13:56',2,7,NULL),(114,7,'2020-03-10','2020-11-26 11:15:10',2,7,NULL),(115,7,'2020-03-18','2020-11-26 11:15:27',2,7,NULL),(116,7,'2020-01-10','2020-11-26 11:17:38',2,11,NULL),(117,7,'2020-02-10','2020-11-26 11:18:28',2,11,NULL),(118,7,'2020-03-10','2020-11-26 11:19:21',2,11,NULL),(119,7,'2020-01-18','2020-11-26 11:20:36',2,12,NULL),(120,7,'2020-01-10','2020-11-26 11:21:01',2,12,NULL),(121,7,'2020-02-10','2020-11-26 11:22:28',2,12,NULL),(122,7,'2020-02-18','2020-11-26 11:22:57',2,12,NULL),(123,7,'2020-03-10','2020-11-26 11:24:01',2,12,NULL),(124,7,'2020-03-11','2020-11-26 11:24:39',2,12,NULL),(126,7,'2020-01-10','2020-11-26 11:26:15',2,13,NULL),(127,7,'2020-01-18','2020-11-26 11:26:33',2,13,NULL),(128,7,'2020-02-10','2020-11-26 11:30:25',2,13,NULL),(129,7,'2020-02-18','2020-11-26 11:30:33',2,13,NULL),(130,7,'2020-03-10','2020-11-26 11:31:10',2,13,NULL),(131,7,'2020-03-18','2020-11-26 11:31:41',2,13,NULL),(133,7,'2020-01-10','2020-11-26 11:33:18',2,14,NULL),(134,7,'2020-01-18','2020-11-26 11:33:29',2,14,NULL),(135,7,'2020-02-10','2020-11-26 11:35:42',2,14,NULL),(136,7,'2020-02-18','2020-11-26 11:35:51',2,14,NULL),(137,7,'2020-03-10','2020-11-26 11:36:32',2,14,NULL),(138,7,'2020-03-18','2020-11-26 11:37:28',2,14,NULL),(139,7,'2020-01-10','2020-11-26 11:45:20',2,15,NULL),(140,7,'2020-01-18','2020-11-26 11:45:46',2,15,NULL),(141,7,'2020-02-10','2020-11-26 11:47:36',2,15,NULL),(142,7,'2020-02-18','2020-11-26 11:47:52',2,15,NULL),(143,7,'2020-03-10','2020-11-26 11:48:55',2,15,NULL),(144,7,'2020-03-18','2020-11-26 11:49:18',2,15,NULL),(145,7,'2020-01-10','2020-11-26 11:50:50',2,16,NULL),(146,7,'2020-01-18','2020-11-26 11:51:29',2,16,NULL),(147,7,'2020-01-10','2020-11-26 11:55:04',2,17,NULL),(148,7,'2020-01-17','2020-11-26 11:55:22',2,17,NULL),(149,7,'2020-02-10','2020-11-26 11:56:49',2,17,NULL),(150,7,'2020-03-10','2020-11-26 11:58:35',2,17,NULL),(151,7,'2020-01-01','2020-11-26 15:37:56',1,5,9),(152,7,'2020-02-01','2020-11-26 15:38:35',1,5,9),(153,7,'2020-03-01','2020-11-26 15:39:13',1,5,9),(154,7,'2021-11-01','2020-11-26 15:39:51',1,10,9),(155,7,'2020-01-01','2020-11-26 15:40:27',1,10,9),(156,7,'2020-02-01','2020-11-26 15:40:56',1,10,9),(157,7,'2020-03-01','2020-11-26 15:41:16',1,10,9),(158,7,'2020-01-01','2020-11-26 15:43:45',1,6,9),(159,7,'2020-02-01','2020-11-26 15:44:02',1,6,9),(160,7,'2020-03-01','2020-11-26 15:45:26',1,6,9),(161,7,'2020-01-01','2020-11-26 15:46:21',1,7,9),(162,7,'2020-02-01','2020-11-26 15:47:08',1,7,9),(163,7,'2020-03-01','2020-11-26 15:48:15',1,7,9),(164,2,'2021-09-01','2021-09-02 08:28:35',1,5,9),(165,2,'2021-09-03','2021-09-04 14:23:00',2,5,NULL),(166,2,'2021-09-04','2021-09-04 14:28:00',2,5,NULL),(167,1,'2021-09-06','2021-09-06 00:52:02',2,5,NULL),(168,1,'2021-09-05','2021-09-06 09:49:28',2,5,NULL),(169,2,'2021-10-01','2021-09-08 13:13:35',1,12,NULL),(170,2,'2021-10-01','2021-09-08 13:31:22',1,5,NULL),(171,2,'2021-11-01','2021-09-08 13:31:22',1,5,NULL),(172,2,'2021-12-01','2021-09-08 13:31:22',1,5,NULL),(173,2,'2021-10-01','2021-09-08 14:22:57',1,5,9),(174,2,'2021-11-01','2021-09-08 14:22:57',1,5,9),(175,2,'2021-09-01','2021-09-08 14:27:16',1,10,9),(176,2,'2021-10-01','2021-09-08 14:27:16',1,10,9),(177,1,'2021-09-01','2021-09-08 14:27:16',1,10,9),(178,1,'2021-10-01','2021-09-08 14:27:16',1,10,9),(179,2,'2021-09-10','2021-09-10 19:44:28',2,10,NULL),(180,2,'2021-09-11','2021-09-10 19:44:28',2,10,NULL),(181,2,'2021-09-12','2021-09-10 19:44:28',2,10,NULL),(182,2,'2021-09-13','2021-09-10 19:44:28',2,10,NULL),(183,2,'2021-09-14','2021-09-10 19:44:28',2,10,NULL),(184,2,'2021-09-15','2021-09-10 19:44:28',2,10,NULL),(185,2,'2021-09-16','2021-09-10 19:44:28',2,10,NULL),(186,2,'2021-09-17','2021-09-10 19:44:28',2,10,NULL),(187,1,'2021-09-01','2021-09-11 10:14:59',1,10,24),(188,1,'2021-10-01','2021-09-11 10:14:59',1,10,24),(189,1,'2021-11-01','2021-09-11 10:14:59',1,10,24),(190,1,'2021-12-01','2021-09-11 10:14:59',1,10,24),(191,1,'2022-01-01','2021-09-11 10:14:59',1,10,24),(192,1,'2021-09-01','2021-09-11 10:26:04',1,5,24),(193,2,'2021-09-01','2021-09-11 10:27:35',1,5,24),(194,1,'2022-01-01','2021-09-11 10:37:03',1,10,25),(195,1,'2021-09-01','2021-09-11 10:37:28',1,10,25),(196,1,'2021-09-01','2021-09-11 10:37:28',1,5,25),(197,2,'2021-09-01','2021-09-11 10:37:28',1,5,25),(198,1,'2021-10-01','2021-09-11 10:37:28',1,10,25),(199,1,'2021-11-01','2021-09-11 10:37:28',1,10,25),(200,1,'2021-12-01','2021-09-11 10:37:28',1,10,25),(201,2,'2021-09-01','2021-09-11 21:27:42',1,10,24),(202,10,'2022-01-01','2021-09-13 17:24:06',1,5,26),(203,10,'2022-01-01','2021-09-13 17:25:51',1,17,26),(204,11,'2022-01-01','2021-09-13 17:41:41',1,5,26),(205,10,'2022-01-01','2021-09-13 18:26:35',4,NULL,NULL),(206,11,'2022-01-01','2021-09-13 18:27:15',4,NULL,NULL),(208,12,'2019-12-01','2021-09-14 16:52:20',1,29,28),(210,14,'2019-02-28','2021-09-14 17:05:19',2,10,NULL),(211,14,'2019-01-31','2021-09-14 17:05:51',2,10,NULL),(212,14,'2019-03-31','2021-09-14 17:07:06',2,10,NULL),(213,14,'2019-04-30','2021-09-14 17:07:39',2,10,NULL),(214,14,'2019-05-31','2021-09-14 17:08:19',2,10,NULL),(215,14,'2019-06-30','2021-09-14 17:08:44',2,10,NULL),(216,10,'2021-09-01','2021-09-14 20:26:43',1,5,26),(217,15,'2019-01-31','2021-09-21 14:24:22',2,5,NULL),(218,15,'2019-02-28','2021-09-21 14:25:17',2,5,NULL),(219,15,'2019-04-30','2021-09-21 14:27:03',2,5,NULL),(220,15,'2019-03-31','2021-09-21 14:28:35',2,5,NULL),(221,15,'2019-01-01','2021-09-21 14:37:33',1,5,29),(222,15,'2019-01-01','2021-09-21 17:12:01',2,5,NULL),(223,15,'2019-01-02','2021-09-21 17:12:01',2,5,NULL),(224,15,'2019-01-03','2021-09-21 22:16:56',2,5,NULL),(225,15,'2019-01-28','2021-09-22 09:58:17',2,5,NULL),(226,15,'2019-02-01','2021-09-22 10:02:11',2,5,NULL),(227,15,'2019-02-02','2021-09-22 10:02:11',2,5,NULL),(228,15,'2019-02-03','2021-09-22 10:02:11',2,5,NULL),(229,15,'2019-02-04','2021-09-22 10:02:11',2,5,NULL),(230,15,'2019-02-05','2021-09-22 10:02:11',2,5,NULL),(231,15,'2019-02-06','2021-09-22 10:02:11',2,5,NULL),(232,15,'2019-02-07','2021-09-22 10:02:11',2,5,NULL),(233,15,'2019-02-08','2021-09-22 10:02:11',2,5,NULL),(234,15,'2019-02-09','2021-09-22 10:02:11',2,5,NULL),(235,15,'2019-02-10','2021-09-22 10:02:11',2,5,NULL),(236,15,'2019-02-11','2021-09-22 10:02:11',2,5,NULL),(237,15,'2019-02-12','2021-09-22 10:02:11',2,5,NULL),(238,15,'2019-02-13','2021-09-22 10:02:11',2,5,NULL),(239,15,'2019-02-14','2021-09-22 10:02:11',2,5,NULL),(240,15,'2019-02-15','2021-09-22 10:02:11',2,5,NULL),(241,15,'2019-02-16','2021-09-22 10:02:12',2,5,NULL),(242,15,'2019-02-17','2021-09-22 10:02:12',2,5,NULL),(243,15,'2019-02-18','2021-09-22 10:02:12',2,5,NULL),(244,15,'2019-02-19','2021-09-22 10:02:12',2,5,NULL),(245,15,'2019-02-20','2021-09-22 10:02:12',2,5,NULL),(246,15,'2019-02-21','2021-09-22 10:02:12',2,5,NULL),(247,15,'2019-02-22','2021-09-22 10:02:12',2,5,NULL),(248,15,'2019-02-23','2021-09-22 10:02:12',2,5,NULL),(249,15,'2019-02-24','2021-09-22 10:02:12',2,5,NULL),(250,15,'2019-02-25','2021-09-22 10:02:12',2,5,NULL),(251,15,'2019-02-26','2021-09-22 10:02:12',2,5,NULL),(252,15,'2019-02-27','2021-09-22 10:02:12',2,5,NULL),(253,15,'2019-01-04','2021-09-22 10:03:39',2,5,NULL),(254,15,'2019-01-05','2021-09-22 10:03:39',2,5,NULL),(255,15,'2019-01-06','2021-09-22 10:03:39',2,5,NULL),(256,15,'2019-01-07','2021-09-22 10:03:39',2,5,NULL),(257,15,'2019-01-08','2021-09-22 10:03:39',2,5,NULL),(258,15,'2019-01-09','2021-09-22 10:03:40',2,5,NULL),(259,15,'2019-01-10','2021-09-22 10:03:40',2,5,NULL),(260,15,'2019-01-11','2021-09-22 10:03:40',2,5,NULL),(261,15,'2019-01-12','2021-09-22 10:03:40',2,5,NULL),(262,15,'2019-01-13','2021-09-22 10:03:40',2,5,NULL),(263,15,'2019-01-14','2021-09-22 10:03:40',2,5,NULL),(264,15,'2019-01-15','2021-09-22 10:03:40',2,5,NULL),(265,15,'2019-01-16','2021-09-22 10:03:40',2,5,NULL),(266,15,'2019-01-17','2021-09-22 10:03:40',2,5,NULL),(267,15,'2019-01-18','2021-09-22 10:03:40',2,5,NULL),(268,15,'2019-01-19','2021-09-22 10:03:40',2,5,NULL),(269,15,'2019-01-20','2021-09-22 10:03:40',2,5,NULL),(270,15,'2019-01-21','2021-09-22 10:03:40',2,5,NULL),(271,15,'2019-01-22','2021-09-22 10:03:40',2,5,NULL),(272,15,'2019-01-23','2021-09-22 10:03:40',2,5,NULL),(273,15,'2019-01-24','2021-09-22 10:03:40',2,5,NULL),(274,15,'2019-01-25','2021-09-22 10:03:40',2,5,NULL),(275,15,'2019-01-26','2021-09-22 10:03:40',2,5,NULL),(276,15,'2019-01-27','2021-09-22 10:03:40',2,5,NULL),(277,15,'2019-01-29','2021-09-22 10:03:40',2,5,NULL),(278,15,'2019-01-30','2021-09-22 10:03:40',2,5,NULL),(279,12,'2019-12-01','2021-09-22 13:21:12',1,29,29);
/*!40000 ALTER TABLE `project_data_group` ENABLE KEYS */;
UNLOCK TABLES;

--
-- Table structure for table `project_structure_item`
--

DROP TABLE IF EXISTS `project_structure_item`;
/*!40101 SET @saved_cs_client     = @@character_set_client */;
/*!50503 SET character_set_client = utf8mb4 */;
CREATE TABLE `project_structure_item` (
  `id` int(11) NOT NULL AUTO_INCREMENT,
  `name` text NOT NULL,
  `unit` varchar(255) DEFAULT NULL,
  `level` tinyint(4) NOT NULL,
  `value_type` varchar(255) NOT NULL,
  `removed` tinyint(1) DEFAULT '0',
  `position` int(11) NOT NULL,
  PRIMARY KEY (`id`)
) ENGINE=InnoDB AUTO_INCREMENT=263 DEFAULT CHARSET=utf8;
/*!40101 SET character_set_client = @saved_cs_client */;

--
-- Dumping data for table `project_structure_item`
--

LOCK TABLES `project_structure_item` WRITE;
/*!40000 ALTER TABLE `project_structure_item` DISABLE KEYS */;
INSERT INTO `project_structure_item` VALUES (1,'Than Khai Thác Toàn Mỏ','tấn',1,'Tổng cột',0,0),(2,'Than khai thác lộ thiên','tấn',2,'Tổng cột',0,1),(3,'Tự làm thêm','tấn',3,'Dữ liệu nhập',0,2),(4,'Thuê thầu khai thác','tấn',3,'Dữ liệu nhập',0,3),(5,'Đất CBSX','m^3',2,'Tổng cột',0,4),(6,'Tự làm','m^3',3,'Dữ liệu nhập',0,5),(7,'Thuê thầu khai thác','m^3',3,'Dữ liệu nhập',0,6),(8,'Than khai thác hầm lò','tấn',2,'Tổng cột',0,7),(9,'Than lò chợ','tấn',3,'Tổng cột',0,8),(10,'Lò chợ máy khấu','tấn',4,'Dữ liệu nhập',0,9),(11,'Lò chợ giá khung thủy lực','tấn',4,'DỮ LIỆU NHẬP',0,10),(12,'Lò chợ khấu chống giàn KDT-1','tấn',4,'DỮ LIỆU NHẬP',0,11),(13,'Lò chợ khấu chống giàn mềm ZRY','tấn',3,'Dữ liệu nhập',0,23),(14,'Lò chợ giá thủy lực di động XDY','tấn',4,'Dữ liệu nhập',0,25),(15,'Lò chợ chống gỗ (phá hỏa ban đầu)','tấn',2,'Tổng cột',0,28),(16,'Khai thác ph.tầng, n.nghiêng','tấn',4,'Dữ liệu nhập',0,30),(17,'Khai thác buồng, cột','tấn',4,'Dữ liệu nhập',0,32),(18,'Khai thác bằng đào lò lấy than','tấn',4,'Dữ liệu nhập',0,34),(19,'than thu hồi luồng phá hoả','tấn',5,'Dữ liệu nhập',0,35),(20,'Than Đào lò CBSX','tấn',3,'Dữ liệu nhập',0,36),(21,'Than xén lò, xúc dọn','tấn',3,'Dữ liệu nhập',0,37),(22,'Đào lò CBSX, XDCB tổng số:','m',2,'Tổng cột',0,38),(23,'Lò đá','m',3,'Tổng cột',0,39),(24,'Tự làm','m',4,'Dữ liệu nhập',0,40),(25,'Thuê ngoài','m',4,'Dữ liệu nhập',0,41),(26,'Lò than','m',3,'Tổng cột',0,42),(27,'Tự làm','m',4,'Dữ liệu nhập',0,43),(28,'Thuê ngoài','m',4,'Dữ liệu nhập',0,44),(29,'Chống neo','m',3,'Dữ liệu nhập',0,45),(30,'Tự làm','m',4,'Dữ liệu nhập',0,46),(31,'Thuê ngoài','m',4,'Dữ liệu nhập',0,47),(32,'Chống sắt','m',3,'Dữ liệu nhập',0,48),(33,'Trong đó: Chống sắt đổ bêtông lưu vì','m',4,'Dữ liệu nhập',0,49),(34,'Chống gỗ','m',3,'Dữ liệu nhập',0,50),(35,'Lò đặt ray','m',3,'Dữ liệu nhập',0,51),(36,'Lò thuê ngoài','',3,'Dữ liệu nhập',0,52),(37,'Mét lò công nghệ ','m',2,'Dữ liệu nhập',0,53),(38,'Chống xén ','m',2,'Dữ liệu nhập',0,54),(39,'Chống xén lò XDCB, CBSX','m',3,'Dữ liệu nhập',0,55),(40,'Xén lò đá','m',4,'Dữ liệu nhập',0,56),(41,'Xén lò than','m',4,'Dữ liệu nhập',0,57),(42,'Chống xén lò khai thác ','m',3,'Dữ liệu nhập',0,58),(43,'Công việc khác','',2,'Dữ liệu nhập',0,59),(44,'Thu hồi vì sắt:','m',3,'Dữ liệu nhập',0,60),(45,'Thu hồi ray các loại','m',3,'Dữ liệu nhập',0,61),(46,'Thu hồi tà vẹt gỗ','thanh',3,'Dữ liệu nhập',0,62),(47,'Lắp đặt đường sắt mới','m',3,'Dữ liệu nhập',0,63),(48,'Lắp đặt ghi, díp mới','bộ',3,'Dữ liệu nhập',0,64),(49,'Sửa chữa đường sắt','m',3,'Dữ liệu nhập',0,65),(50,'Sửa chữa ghi, díp','bộ',3,'Dữ liệu nhập',0,66),(51,'CHI PHÍ VẬT TƯ','',1,'ẨN DỮ LIỆU',0,67),(52,'Vật tư đào lò ','',2,'Tổng cột',0,68),(53,'Thuốc nổ các loại, trong đó:','kg',3,'Dữ liệu nhập',0,69),(54,'Thuốc nổ lò chợ','kg',4,'Dữ liệu nhập',0,70),(55,'Thuốc nổ lò đá','kg',4,'Dữ liệu nhập',0,71),(56,'Thuốc nổ lò than','kg',4,'Dữ liệu nhập',0,72),(57,'Kíp điện, trong đó:','cái',3,'Dữ liệu nhập',0,73),(58,'Kíp điện lò chợ','cái',4,'Dữ liệu nhập',0,74),(59,'Kíp điện lò đá.','cái',4,'Dữ liệu nhập',0,75),(60,'Kíp điện lò than.','cái',4,'Dữ liệu nhập',0,76),(61,'Dây cầu','m',3,'Dữ liệu nhập',0,77),(62,'Lò chợ','m',4,'Dữ liệu nhập',0,78),(63,'Đào lò','m',4,'Dữ liệu nhập',0,79),(64,'Mũi khoan tổng số','cái',3,'Dữ liệu nhập',0,80),(65,'Mũi khoan than (PY-13,PII-7)','cái',4,'Dữ liệu nhập',0,81),(66,'Trong đó mũi mài lại ','cái',5,'Dữ liệu nhập',0,82),(67,'Mũi khoan khí ép (KII...)','cái',4,'Dữ liệu nhập',0,83),(68,'Choòng khoan tổng số','m',3,'TỔNG CỘT',0,84),(69,'Choòng khoan than','m',4,'Dữ liệu nhập',0,85),(70,'Choòng khoan khí ép.','m',4,'Dữ liệu nhập',0,86),(71,'Vật tư chống lò ','',2,'Tổng cột',0,87),(72,'Gỗ chống lò tổng số :','m^3',3,'Dữ liệu nhập',0,88),(73,'Gỗ  lò chợ','m^3',4,'Dữ liệu nhập',0,89),(74,'Gỗ  khác (Đào lò, xén, củng cố...)','m^3',4,'Dữ liệu nhập',0,90),(75,'Vì chống sắt ','bộ',3,'Dữ liệu nhập',0,91),(76,'Vì CBII-22 CN; S đ = 5,6m²','bộ',4,'Dữ liệu nhập',0,92),(77,'Vì CBII-22 HT; S đ = 5,6m²','bộ',4,'Dữ liệu nhập',0,93),(78,'Vì CBII-22 vòm; Sđ = 6,1 m²','bộ',4,'Dữ liệu nhập',0,94),(79,'Vì CBII-22 vòm; Sđ = 8,5 m²','bộ',4,'Dữ liệu nhập',0,95),(80,'Vì CBII-22 vòm; Sđ = 9,6 m²','bộ',4,'Dữ liệu nhập',0,96),(81,'Vì CBII-22 vòm; Sđ = 11,0 m²','bộ',4,'Dữ liệu nhập',0,97),(82,'Vì CBII-22 vòm; Sđ = 13,2 m²','bộ',4,'Dữ liệu nhập',0,98),(83,'Vì CBII-27 vòm; Sđ = 16,0 m²','bộ',4,'Dữ liệu nhập',0,99),(84,'Vì CBII-27 vòm; Sđ = 17,9 m²','bộ',4,'Dữ liệu nhập',0,100),(85,'Vì CBII-27 vòm; Sđ = 20,0 m²','bộ',4,'Dữ liệu nhập',0,101),(86,'Vì CBII-27 vòm; Sđ &gt; 20,0 m²','bộ',4,'Dữ liệu nhập',0,102),(87,'Vì đặc biệt ngã ba','bộ',4,'Dữ liệu nhập',0,103),(88,'Vì ngã ba','bộ',4,'Dữ liệu nhập',0,104),(89,'Chèn bê tông ','tấm',3,'Dữ liệu nhập',0,105),(90,'Loại 125×60×700','tấm',4,'Dữ liệu nhập',0,106),(91,'Loại 125×60×900','tấm',4,'Dữ liệu nhập',0,107),(92,'Loại 125×60×1000','tấm',4,'Dữ liệu nhập',0,108),(93,'Loại 125×60×1100 ','tấm',4,'Dữ liệu nhập',0,109),(94,'Loại 125×60×1200','tấm',4,'Dữ liệu nhập',0,110),(95,'Chèn lưới thép hàn F6','tấm',3,'Dữ liệu nhập',0,111),(96,'Loại 520 x 850','tấm',4,'Dữ liệu nhập',0,112),(97,'Loại 520 x 950','tấm',4,'Dữ liệu nhập',0,113),(98,'Loại 520 x 1.050','tấm',4,'Dữ liệu nhập',0,114),(99,'Loại 520 x 1.150','tấm',4,'Dữ liệu nhập',0,115),(100,'Lưới thép B40 +B50','m^2',3,'Dữ liệu nhập',0,116),(101,'Lưới thép neo','m^2',3,'Dữ liệu nhập',0,117),(102,'Dầu nhũ hoá M10','kg',3,'Dữ liệu nhập',0,118),(103,'Dây thép F2 (40,1m/kg)','kg',3,'Dữ liệu nhập',0,119),(104,'Cược chắn than ','cái',3,'Dữ liệu nhập',0,120),(105,'Vật tư đường sắt ','',2,'Tổng cột',0,121),(106,'Ray tổng số ','m',3,'Dữ liệu nhập',0,122),(107,'Ray P33','m',4,'Dữ liệu nhập',0,123),(108,'Ray P24','m',4,'Dữ liệu nhập',0,124),(109,'Ray P11','m',4,'Dữ liệu nhập',0,125),(110,'Gỗ tà vẹt ','thanh',3,'Tổng cột',0,126),(111,'Loại 1200×200×140','thanh',4,'Dữ liệu nhập',0,127),(112,'Loại 1700×200×140 (tự xẻ)','thanh',4,'Dữ liệu nhập',0,128),(113,'Loại 1700×200×140 (Gỗ hộp)','thanh',4,'Dữ liệu nhập',0,129),(114,'Tà vẹt díp L=1900÷2500','thanh',4,'Dữ liệu nhập',0,130),(115,'Cữ đường ren ','thanh',3,'Tổng cột',0,131),(116,'Lắc lít các loại','bộ',3,'Tổng cột',0,132),(117,'P11 ','bộ',4,'Dữ liệu nhập',0,133),(118,'P24 (L = 364) + 4 BL (M18x100)','bộ',4,'Dữ liệu nhập',0,134),(119,'P33 (L = 790) + 4 BL (M22x115)','bộ',4,'Dữ liệu nhập',0,135),(120,'Đinh vấu các loại ','cái',3,'Dữ liệu nhập',0,136),(121,'P11','cái',4,'Dữ liệu nhập',0,137),(122,'P24 (14x14x130)','cái',4,'Dữ liệu nhập',0,138),(123,'P33 (16x16x165)','cái',4,'Dữ liệu nhập',0,139),(124,'Bu lông sửa đường, ghi díp','bộ',3,'Dữ liệu nhập',0,140),(125,'Vật tư khác ','',2,'Tổng cột',0,141),(126,'Ống gió các loại ','m',3,'Dữ liệu nhập',0,142),(127,'Ống gió vải cao su ','m',4,'Dữ liệu nhập',0,143),(128,'Ống gió sắt','m',4,'Dữ liệu nhập',0,144),(129,'Máng trượt các loại,','m',3,'Dữ liệu nhập',0,145),(130,'trong đó : máng trượt inốc','m',4,'Dữ liệu nhập',0,146),(131,'Thanh tăng cường','cái',3,'Dữ liệu nhập',0,147),(132,'Móc bắt thang tăng cường','bộ',3,'Dữ liệu nhập',0,148),(133,'Xẻng xúc than','cái',3,'Dữ liệu nhập',0,149),(134,'Choòng cày','cái',3,'Dữ liệu nhập',0,150),(135,'Gỗ vách ngăn 30x100x2300','tấm',3,'Dữ liệu nhập',0,151),(136,'Đinh 7 -10 cm','kg',3,'Dữ liệu nhập',0,152),(137,'CÁC CHỈ TIÊU KT KT:','',1,'Tổng cột',0,153),(138,'Chỉ tiêu chung cho 1000T than','',2,'Tổng cột',0,154),(139,'Tiêu hao gỗ cho 1000 tấn than nguyên khai','m',3,'Dữ liệu nhập',0,155),(140,'Tiêu hao thuốc nổ trong hầm lò','kg',3,'Dữ liệu nhập',0,156),(141,'Kíp điện','cái',3,'Dữ liệu nhập',0,157),(142,'Dây điện con','m',3,'Dữ liệu nhập',0,158),(143,'Choòng khoan than','cái',3,'Dữ liệu nhập',0,159),(144,'Choòng khoan khí ép','cái',3,'Dữ liệu nhập',0,160),(145,'Mũi khoan điện (than, đá)','cái',3,'Dữ liệu nhập',0,161),(146,'Mũi khoan khí ép','cái',3,'Dữ liệu nhập',0,162),(147,'Tà vẹt gỗ','thanh',3,'Dữ liệu nhập',0,163),(148,'Ray đặt đường sắt P24, P33','m',3,'Dữ liệu nhập',0,164),(149,'Ống gió ','m',3,'Dữ liệu nhập',0,165),(150,'Máng trượt ','m',3,'Dữ liệu nhập',0,166),(151,'Xẻng xúc than','cái',3,'Dữ liệu nhập',0,167),(152,'Choòng cày','cái',3,'Dữ liệu nhập',0,168),(197,'Gỗ vách ngăn 30x100x2300','thanh',3,'Dữ liệu nhập',0,169),(198,'Đinh đóng vách ngăn 7F','kg',3,'Dữ liệu nhập',0,170),(199,'Hệ số mét lò đào (XDCB,CBSX)','m/1000 tấn',3,'Dữ liệu nhập',0,171),(200,'Hệ số mét lò xén CBSX, XDCB','m/1000 tấn',3,'Dữ liệu nhập',0,172),(201,'Hệ Số vì chống sắt','bộ/1000 tấn',3,'Dữ liệu nhập',0,173),(202,'Hệ số bóc đất đá sản xuất','m^3/tấn',3,'Dữ liệu nhập',0,174),(203,'Tự làm','m^3/tấn',4,'Dữ liệu nhập',0,175),(204,'Thuê thầu khai thác','m^3/tấn',4,'Dữ liệu nhập',0,176),(205,'Chỉ tiêu lò chợ ( DCO-DTL)','',2,'Tổng cột',0,177),(206,'Lò chợ (tính chung)','m^3',3,'Dữ liệu nhập',0,178),(207,'Khai thác than lò chợ','kg',3,'Dữ liệu nhập',0,179),(208,'Kíp điện cho 1000T than','cái',3,'Dữ liệu nhập',0,180),(209,'Mét lò khai thác','m',3,'Dữ liệu nhập',0,181),(210,'Mét lò CBSX','m',3,'Dữ liệu nhập',0,182),(211,'Dây điện con','m',3,'Dữ liệu nhập',0,183),(212,'Choòng khoan than','cái',3,'Dữ liệu nhập',0,184),(213,'Mũi khoan điện (than, đá)','cái',3,'Dữ liệu nhập',0,185),(214,'Máng trượt ','cái',3,'Dữ liệu nhập',0,186),(215,'Xẻng xúc than','cái',3,'Dữ liệu nhập',0,187),(216,'Choòng cày','cái',3,'Dữ liệu nhập',0,188),(217,'Gỗ vách ngăn 30x100x2300','thanh',3,'Dữ liệu nhập',0,189),(218,'Đinh đóng vách ngăn','kg',3,'Dữ liệu nhập',0,190),(219,'Tiêu hao lưới thép phi 2.5','m^2',3,'Dữ liệu nhập',0,191),(220,'Tiêu hao dầu nhũ hóa','kg',3,'Dữ liệu nhập',0,192),(221,'Dây buộc lưới thép F2','kg',3,'Dữ liệu nhập',0,193),(222,'Chỉ tiêu đào lò ','',2,'Dữ liệu nhập',0,194),(223,'Đào lò CBSX chống sắt','m^3/m',3,'Dữ liệu nhập',0,195),(224,'Thuốc nổ chung','kg/m',3,'Dữ liệu nhập',0,196),(225,'Đào lò than','kg/m',3,'Dữ liệu nhập',0,197),(226,'Đào lò đá','kg/m',3,'Dữ liệu nhập',0,198),(227,'Kíp điện chung','cái/m',3,'Dữ liệu nhập',0,199),(228,'Kíp điện lò than','cái/m',3,'Dữ liệu nhập',0,200),(229,'Kíp điện lò đá','cái/m',3,'Dữ liệu nhập',0,201),(230,'Dây điện con','m/m',3,'Dữ liệu nhập',0,202),(231,'Choòng khoan than (lò than)','cái/m',3,'Dữ liệu nhập',0,203),(232,'Choòng khoan khí ép (lò đá)','cái/m',3,'Dữ liệu nhập',0,204),(233,'Mũi khoan điện (lò than)','cái/m',3,'Dữ liệu nhập',0,205),(234,'Mũi khoan khí ép (lò đá)','cái/m',3,'Dữ liệu nhập',0,206),(235,'Tà vẹt gỗ','th/m',3,'Dữ liệu nhập',0,207),(236,'Ray đặt đường sắt P24, P33','m/m',3,'Dữ liệu nhập',0,208),(237,'Ống gió ','m/m',3,'Dữ liệu nhập',0,209),(238,'Máng trượt ','m/m',3,'Dữ liệu nhập',0,210),(239,'Xẻng xúc than','cái/m',3,'Dữ liệu nhập',0,211),(240,'Choòng cày','cái/m',3,'Dữ liệu nhập',0,212),(241,'Gỗ vách ngăn 30x100x2300','th/m',3,'Dữ liệu nhập',0,213),(242,'Đinh đóng vách ngăn','kg/m',3,'Dữ liệu nhập',0,214),(243,'Vì chống sắt cho 1 mét lò chung','vì/m',3,'Dữ liệu nhập',0,215),(244,'Lò sắt đào+ xén','vì/m',4,'Dữ liệu nhập',0,216),(245,'Lò sắt đào mới','vì/m',4,'Dữ liệu nhập',0,217),(246,'asdfasd fasdf asdf ','tấn',4,'Dữ liệu nhập',0,12),(247,'oiuwoerasdjkhfksjd','m',3,'Tổng cột',0,21),(248,'Đào than xyz','m^3',2,'Tổng cột',0,22),(249,'ttt','m^3',4,'Dữ liệu nhập',0,24),(250,'yyy','m3',4,'Dữ liệu nhập',0,33),(251,'zzzzz','m^3',4,'Dữ liệu nhập',0,26),(252,'zzzzz','m^3',4,'Dữ liệu nhập',0,27),(253,'astewtetert','ttt',4,'Dữ liệu nhập',0,31),(254,'yyyyyyyyyyyy','yyy',4,'Dữ liệu nhập',0,29),(255,'Lò chợ giá khấu chống giàn mềm ZRY','tấn',4,'DỮ LIỆU NHẬP',0,13),(256,'Lò chợ giá thủy lực di động XDY','tấn',4,'DỮ LIỆU NHẬP',0,14),(257,'Lò chợ chống gỗ (phá hỏa ban đầu)','tấn',4,'DỮ LIỆU NHẬP',0,15),(258,'Khai thác ph.tầng, n.nghiêng','tấn',4,'DỮ LIỆU NHẬP',0,16),(259,'Khai thác buồng, cột','tấn',4,'DỮ LIỆU NHẬP',0,17),(260,'Khai thác bằng đào lò lấy than','tấn',4,'DỮ LIỆU NHẬP',0,18),(261,'Than Đào lò CBSX','tấn',4,'DỮ LIỆU NHẬP',0,19),(262,'Than xén lò, xúc dọn','tấn',4,'DỮ LIỆU NHẬP',0,20);
/*!40000 ALTER TABLE `project_structure_item` ENABLE KEYS */;
UNLOCK TABLES;

--
-- Table structure for table `report`
--

DROP TABLE IF EXISTS `report`;
/*!40101 SET @saved_cs_client     = @@character_set_client */;
/*!50503 SET character_set_client = utf8mb4 */;
CREATE TABLE `report` (
  `id` int(11) NOT NULL AUTO_INCREMENT,
  `title` varchar(512) NOT NULL,
  `filename` varchar(256) NOT NULL,
  `create_time` datetime NOT NULL DEFAULT CURRENT_TIMESTAMP,
  `creator` int(11) NOT NULL,
  `description` varchar(512) DEFAULT NULL,
  PRIMARY KEY (`id`)
) ENGINE=InnoDB AUTO_INCREMENT=139 DEFAULT CHARSET=utf8;
/*!40101 SET character_set_client = @saved_cs_client */;

--
-- Dumping data for table `report`
--

LOCK TABLES `report` WRITE;
/*!40000 ALTER TABLE `report` DISABLE KEYS */;
INSERT INTO `report` VALUES (128,'Tổng hợp chỉ tiêu K.T - K.T toàn mỏ 01/2020 - 04/2020','bao-cao-theo-doi-2020-01-2020-04-20200413205405.xlsx','2020-04-13 20:54:32',1,'Báo cáo quý theo yêu cầu của ABC'),(133,'Tổng hợp chỉ tiêu K.T - K.T toàn mỏ 01/2020 - 12/2020','bao-cao-theo-doi-2020-01-2020-12-20201201162709.xlsx','2020-12-01 16:27:12',1,NULL),(138,'Tổng hợp chỉ tiêu K.T - K.T toàn mỏ 01/2021 - 09/2021','bao-cao-theo-doi-2021-01-2021-09-20210917105114.xlsx','2021-09-17 10:51:56',1,NULL);
/*!40000 ALTER TABLE `report` ENABLE KEYS */;
UNLOCK TABLES;

--
-- Table structure for table `user`
--

DROP TABLE IF EXISTS `user`;
/*!40101 SET @saved_cs_client     = @@character_set_client */;
/*!50503 SET character_set_client = utf8mb4 */;
CREATE TABLE `user` (
  `id` int(11) NOT NULL AUTO_INCREMENT,
  `login` varchar(255) COLLATE utf8mb4_general_ci NOT NULL,
  `full_name` varchar(255) COLLATE utf8mb4_general_ci NOT NULL,
  `password` varchar(65) COLLATE utf8mb4_general_ci NOT NULL,
  `create_time` datetime NOT NULL DEFAULT CURRENT_TIMESTAMP,
  `last_login` datetime DEFAULT NULL,
  `deactivate_time` datetime DEFAULT NULL,
  `email` varchar(128) COLLATE utf8mb4_general_ci NOT NULL,
  PRIMARY KEY (`id`),
  KEY `user__login` (`login`)
) ENGINE=InnoDB AUTO_INCREMENT=25 DEFAULT CHARSET=utf8mb4 COLLATE=utf8mb4_general_ci;
/*!40101 SET character_set_client = @saved_cs_client */;

--
-- Dumping data for table `user`
--

LOCK TABLES `user` WRITE;
/*!40000 ALTER TABLE `user` DISABLE KEYS */;
INSERT INTO `user` VALUES (1,'root','root','4813494d137e1631bba301d5acab6e7bb7aa74ce1185d456565ef51d737677b2','2020-11-26 10:00:18','2021-09-22 17:37:14',NULL,'none@xyz.com'),(15,'kien','Đào Trung Kiên','f543cdc4507065052f7021af4271495412db83c6952b6ff2c6d2a322ed44073d','2021-09-13 14:35:22','2021-09-14 22:23:38',NULL,'d_t_kien@yahoo.com'),(16,'van','Nguyễn Đình Văn','970b1897af0abab6127d77e3306c1a712c5d931a2719ecd338f57411e534ec3c','2019-09-25 16:51:07','2021-03-25 14:14:30',NULL,'dv@gmail.com'),(17,'tung','Nguyễn Việt Tùng','842ebab6312585b934cf50d24f127a47c98233a264f0e81bc6e5a120e32b5c3e','2020-01-08 17:48:58','2021-09-09 15:45:35',NULL,'tung@yahoo.com'),(18,'dinh','Nguyễn Công Định','190ccae968aa9eb87e7aaeadfa1092d824bcc17c8328614c02687b0e4f394595','2019-10-16 20:06:29','2020-01-08 17:47:07',NULL,'dinh@gmail.com'),(19,'TungKH','Tùng Kế Hoạch','7c6b093799eb77da9a9d351008d68f99e84a263f826cea5e3015a1adff18ef30','2021-09-13 11:03:42','2021-09-13 16:12:53','2021-09-17 11:15:17','ngvttung@gmail.com'),(20,'TungKT','Tùng Kỹ thuật','7c6b093799eb77da9a9d351008d68f99e84a263f826cea5e3015a1adff18ef30','2020-09-21 12:42:56','2021-09-22 13:21:47',NULL,'123456KT@gmail.com'),(21,'TungQT','Tùng Quản Trị','7c6b093799eb77da9a9d351008d68f99e84a263f826cea5e3015a1adff18ef30','2020-09-21 15:07:14','2021-09-22 13:16:51',NULL,'123456quantri@gmail.com'),(22,'TungPX','Tùng Phân Xưởng KT1','7c6b093799eb77da9a9d351008d68f99e84a263f826cea5e3015a1adff18ef30','2021-09-13 12:34:40','2021-09-22 10:14:00',NULL,'ngvttung@gmail.com'),(23,'TungPXKT2','Tung PX.KT2','39320f26d34c57b68e0e1c873a804d042b14a69571cc3b9f38c34e97c956f5ef','2021-09-14 21:02:34','2021-09-14 21:55:07',NULL,'ngvttung@gmail.com'),(24,'TungVir','Tung.Virtual','7c6b093799eb77da9a9d351008d68f99e84a263f826cea5e3015a1adff18ef30','2021-09-22 13:17:38',NULL,NULL,'ngvttung@gmail.com');
/*!40000 ALTER TABLE `user` ENABLE KEYS */;
UNLOCK TABLES;

--
-- Table structure for table `user_chart`
--

DROP TABLE IF EXISTS `user_chart`;
/*!40101 SET @saved_cs_client     = @@character_set_client */;
/*!50503 SET character_set_client = utf8mb4 */;
CREATE TABLE `user_chart` (
  `id` int(11) NOT NULL AUTO_INCREMENT,
  `title` varchar(512) DEFAULT NULL,
  `type` int(11) NOT NULL,
  `item` int(11) NOT NULL,
  `user` int(11) NOT NULL,
  `global_plan` int(11) DEFAULT NULL,
  `project` int(11) DEFAULT NULL,
  `executor` int(11) DEFAULT NULL,
  PRIMARY KEY (`id`),
  KEY `type` (`type`,`item`,`user`)
) ENGINE=InnoDB AUTO_INCREMENT=75 DEFAULT CHARSET=utf8;
/*!40101 SET character_set_client = @saved_cs_client */;

--
-- Dumping data for table `user_chart`
--

LOCK TABLES `user_chart` WRITE;
/*!40000 ALTER TABLE `user_chart` DISABLE KEYS */;
INSERT INTO `user_chart` VALUES (72,NULL,1,1,1,23,NULL,NULL),(74,NULL,1,1,22,24,9,5);
/*!40000 ALTER TABLE `user_chart` ENABLE KEYS */;
UNLOCK TABLES;

--
-- Table structure for table `user_division_assoc`
--

DROP TABLE IF EXISTS `user_division_assoc`;
/*!40101 SET @saved_cs_client     = @@character_set_client */;
/*!50503 SET character_set_client = utf8mb4 */;
CREATE TABLE `user_division_assoc` (
  `id` int(11) NOT NULL AUTO_INCREMENT,
  `user` int(11) NOT NULL,
  `division` int(11) NOT NULL,
  PRIMARY KEY (`id`)
) ENGINE=InnoDB AUTO_INCREMENT=65 DEFAULT CHARSET=utf8;
/*!40101 SET character_set_client = @saved_cs_client */;

--
-- Dumping data for table `user_division_assoc`
--

LOCK TABLES `user_division_assoc` WRITE;
/*!40000 ALTER TABLE `user_division_assoc` DISABLE KEYS */;
INSERT INTO `user_division_assoc` VALUES (12,16,4),(13,16,6),(14,16,2),(18,18,4),(20,17,5),(22,20,1),(25,1,5),(26,1,10),(27,1,6),(28,1,7),(29,1,11),(30,1,12),(31,1,13),(32,1,14),(33,1,15),(34,1,16),(35,1,27),(36,1,24),(37,1,26),(38,1,22),(39,1,23),(40,1,25),(41,1,17),(42,1,18),(43,1,19),(44,1,20),(45,1,21),(47,19,4),(48,22,5),(52,15,4),(53,15,1),(54,15,5),(61,23,10),(62,24,29),(63,24,31),(64,24,30);
/*!40000 ALTER TABLE `user_division_assoc` ENABLE KEYS */;
UNLOCK TABLES;

--
-- Table structure for table `user_group`
--

DROP TABLE IF EXISTS `user_group`;
/*!40101 SET @saved_cs_client     = @@character_set_client */;
/*!50503 SET character_set_client = utf8mb4 */;
CREATE TABLE `user_group` (
  `id` int(11) NOT NULL AUTO_INCREMENT,
  `name` varchar(255) COLLATE utf8mb4_general_ci NOT NULL,
  `perm_administration` tinyint(1) NOT NULL DEFAULT '0',
  `perm_manage_users` tinyint(1) NOT NULL DEFAULT '0',
  `perm_ky_thuat` tinyint(1) NOT NULL DEFAULT '0',
  `perm_ke_hoach` tinyint(1) NOT NULL DEFAULT '0',
  `perm_vat_tu` tinyint(1) NOT NULL DEFAULT '0',
  `perm_ke_toan` tinyint(1) NOT NULL DEFAULT '0',
  `perm_kcs` tinyint(1) NOT NULL DEFAULT '0',
  `perm_phan_xuong` tinyint(1) NOT NULL DEFAULT '0',
  `description` varchar(512) COLLATE utf8mb4_general_ci DEFAULT NULL,
  PRIMARY KEY (`id`)
) ENGINE=InnoDB AUTO_INCREMENT=22 DEFAULT CHARSET=utf8mb4 COLLATE=utf8mb4_general_ci;
/*!40101 SET character_set_client = @saved_cs_client */;

--
-- Dumping data for table `user_group`
--

LOCK TABLES `user_group` WRITE;
/*!40000 ALTER TABLE `user_group` DISABLE KEYS */;
INSERT INTO `user_group` VALUES (1,'Quản trị viên',1,0,0,0,0,0,0,0,NULL),(3,'Phòng Kế hoạch',0,0,0,1,0,0,0,0,NULL),(5,'Phòng Vật tư',0,0,0,0,1,0,0,0,NULL),(6,'Phòng Kỹ thuật',0,0,1,0,0,0,0,0,NULL),(7,'Phòng Kế toán',0,1,0,1,0,1,0,1,NULL),(8,'Phòng KCS',0,0,0,0,0,0,1,0,NULL),(9,'Phân xưởng',0,0,0,0,0,0,0,1,'Nhóm dùng để qui định quyền cho các tài khoản thuộc phân xưởng sản xuất');
/*!40000 ALTER TABLE `user_group` ENABLE KEYS */;
UNLOCK TABLES;

--
-- Table structure for table `user_group_assoc`
--

DROP TABLE IF EXISTS `user_group_assoc`;
/*!40101 SET @saved_cs_client     = @@character_set_client */;
/*!50503 SET character_set_client = utf8mb4 */;
CREATE TABLE `user_group_assoc` (
  `id` int(11) NOT NULL AUTO_INCREMENT,
  `user` int(11) NOT NULL,
  `user_group` int(11) NOT NULL,
  PRIMARY KEY (`id`)
) ENGINE=InnoDB AUTO_INCREMENT=43 DEFAULT CHARSET=utf8;
/*!40101 SET character_set_client = @saved_cs_client */;

--
-- Dumping data for table `user_group_assoc`
--

LOCK TABLES `user_group_assoc` WRITE;
/*!40000 ALTER TABLE `user_group_assoc` DISABLE KEYS */;
INSERT INTO `user_group_assoc` VALUES (17,16,8),(19,18,9),(22,18,8),(23,18,6),(25,17,9),(27,20,6),(28,21,1),(31,1,1),(33,19,3),(34,22,9),(36,15,6),(41,23,9),(42,24,9);
/*!40000 ALTER TABLE `user_group_assoc` ENABLE KEYS */;
UNLOCK TABLES;

--
-- Table structure for table `user_login_hash`
--

DROP TABLE IF EXISTS `user_login_hash`;
/*!40101 SET @saved_cs_client     = @@character_set_client */;
/*!50503 SET character_set_client = utf8mb4 */;
CREATE TABLE `user_login_hash` (
  `id` int(11) NOT NULL AUTO_INCREMENT,
  `user` int(11) NOT NULL,
  `salt` varchar(16) NOT NULL,
  `hash` varchar(65) NOT NULL,
  `expire` datetime DEFAULT NULL,
  `create_time` datetime DEFAULT CURRENT_TIMESTAMP,
  `nonce` varchar(36) NOT NULL,
  PRIMARY KEY (`id`),
  KEY `user_login_hash__user` (`user`)
) ENGINE=InnoDB AUTO_INCREMENT=46 DEFAULT CHARSET=utf8;
/*!40101 SET character_set_client = @saved_cs_client */;

--
-- Dumping data for table `user_login_hash`
--

LOCK TABLES `user_login_hash` WRITE;
/*!40000 ALTER TABLE `user_login_hash` DISABLE KEYS */;
INSERT INTO `user_login_hash` VALUES (1,1,'BdReEeuALNoKM3ii','632673c1daa49dd4f23774cdc632f78db02ec529afc425ccc6e8128b5edb1beb',NULL,'2021-09-07 10:58:27','LfPPIWn4zY1NpoGJ'),(2,1,'7MVTs6EBltLqUK3K','dd7d16065b8565dfcc408ad976fd3978c7f8fe093d8129f998ffe35a7ce6912f',NULL,'2021-09-07 11:08:41','SyxSduVJSJCDjTrb'),(3,1,'K6SlpG3xdlCu6wbz','68b62f7343f03ce7539fcae0352bf5b52d2435abf70fb7232f8c820d5042b9b8',NULL,'2021-09-07 11:09:57','BcOE78W7Ud1J5ijf'),(4,1,'HGEgS5IYe4Do4mxf','c77103beadb654aba9856d07e247582a8646ec5ecff84ebb4b71ed6608698bbf',NULL,'2021-09-07 11:14:00','EcPmeys4iTRCW97z'),(5,1,'i94yMV52H3nNUpXG','274fa765a1c2d968b7ef003a671ba0bfebf06158eb4e404aad2e75f238e2a14c',NULL,'2021-09-07 12:54:16','1baf80dd-ea96-452c-be4b-bf5b51f0e05b'),(6,1,'86ba54stSWsjrf68','84f0ba6abe7d0d43d5930d8ef3c9c3bdc473003a9bff35746d9715084dfb9dc0',NULL,'2021-09-07 14:24:43','4bd39227-3bf2-4951-9229-cdb63b207b05'),(7,1,'sW9HHWXts1eVrlaN','3e49435101866b4f84a2bfd0c47e17b2ef8be9528132767d4e36f59690e39091',NULL,'2021-09-07 14:25:55','e34421b0-05f2-4ab9-9eb5-ae8f13b56502'),(8,1,'bhKIi5nJSUPuDleJ','6abd4990fd77f4e2a51ed490be172a811377d6406dd4c3a9a5e157525bd7f645',NULL,'2021-09-07 14:26:36','1b545271-442b-4a3e-b5f9-e614aca8fc2f'),(9,1,'iW6Xjk1wKKUknKvC','8f8915300644e73037786766761ccbe24dc9f47a15597bd3cb351d3c0e88c615',NULL,'2021-09-07 14:26:46','23e91806-237f-42cc-b69b-f8be220b97d9'),(10,1,'h7P2Z6VVnO4UFdao','5e81a0c5df26fa94284444f531fc8484422ca800f948526361a6d210ca494bf0',NULL,'2021-09-07 14:30:39','abbf4500-1905-400d-8ceb-570968dbe252'),(11,1,'fRKaOWZxu0Nl0CAU','2b3ca190699463e78ba69f2af8488155de0787fd2dc0056996b358f50ce0339c',NULL,'2021-09-07 14:30:45','395b0ec3-e92b-46a7-aa51-de8e90c36159'),(12,1,'gF2YYykIDmciBCGT','5db893b34748183e2e0decc71d12d4504a35210d49cda361485979525738c6a3',NULL,'2021-09-07 14:34:24','2755f6eb-32e0-459a-91d4-40465ca6f20b'),(13,1,'Zyg3s4UrUldTssgN','0409c6b90695935c5b78143fafdac85b09cb9eb4286cb9455a748ac4fa4403ac',NULL,'2021-09-07 14:35:24','aef9c4c4-8876-44e0-a874-761c10a4970f'),(14,1,'8BmDCbzf9pj7bAkX','ae4b0cdb5dad2538a742c2b222150abf9de2516e4f61e496afd197e4b9c4b03d',NULL,'2021-09-07 14:37:48','d5b04f77-beeb-4c3d-a2b8-a2f0cc9fb478'),(15,1,'1Lw76mZWLACU4f91','0447ce59a2d4d951ae8e8e84b376845132525fe40f37ef3e2a7e81aa57b33a81',NULL,'2021-09-07 14:44:16','f350eecd-e205-4179-a09c-c47eb63ddf91'),(16,1,'vyFV10UCNNYd93yR','db791cf7584cf96708b96fa7ee7bd54a0f7de08d0e491e5ad021f34e8ed3b9e8',NULL,'2021-09-07 14:49:56','8af611ee-f967-4072-91c3-6dc986433892'),(17,1,'5oFl58VUmqRtoDZX','0239b8e686ed8e8c5fdfe250d0eb291558eccf75650cb89360e2f0a314b4aaa5',NULL,'2021-09-07 16:27:08','55645286-5e3e-46c5-86f0-a8d534c706c6'),(18,1,'UpEoJ6XM0VR2WNpl','e384b545cd9a94ea69d9109c7aaf7373036cc0f91a82223087945436f89fe872',NULL,'2021-09-07 19:41:06','8711e064-af64-4d1b-bba5-ffcb72f1b910'),(19,1,'mEAxBPyuloAmkW9d','d3cda90e7ce39893af0f296405a09c3054f0eaba5af61f2359c9ed1b575fa917',NULL,'2021-09-07 21:47:11','32496ffe-55dd-4077-b1ea-d91d82d241fe'),(20,1,'KCEbet1xk1vnpHjE','08a50196cb954e3da3d3b67dde90472853e9bfc7cbccf61a1636edcedd489e85',NULL,'2021-09-07 21:52:44','c2fb996e-e2b6-484d-a0a0-feba0c6c4e57'),(21,1,'3ObjUPo3D6tQHs3G','4e7b1d81b5290c1cd53fcc7bd2dd347745d290b5d3acd26224d921c977db6f7b',NULL,'2021-09-07 21:56:42','198b4a2e-c32d-4bff-9a87-37e07dfb5305'),(22,1,'scBQIGCG8DFtTSx0','6bf35cd8a21bd621c8ac44cebc58ba193bae181fdd2f09e9d379f4a395237392',NULL,'2021-09-07 21:59:40','a44855f5-95b8-4020-8ebf-6302102e76a2'),(23,1,'PMmLD6THnQmnMRvV','4adebd33357c7a6ea385760f7fe7ebdc60217d2649131e4e4ab18ca2480613cd',NULL,'2021-09-07 22:04:55','9f83f10c-0dbb-4931-bcb0-34125f91e34b'),(24,1,'RmvpcHCNE5JFAF58','390ad7f6ab335d0e08bee49ce88b46fe807eaccea2dd5fe85d0bcd5ff8ecabbf',NULL,'2021-09-08 10:46:45','0363d76f-d34d-40fe-9387-feef6078c88c'),(25,1,'wmalYDeSbWUAn4td','aeb440af74d07e8d061351d44291ce248484efe0b1a93c130daa166cc6eb8b09',NULL,'2021-09-08 16:09:01','6d379843-3f73-45e2-b828-b88e2cfc069a'),(26,15,'EAQaIU3OTS2netdw','dc32825564792acd4a7e9609bc6c0953a345bf3128d4681a44be2b03df35d4b0',NULL,'2021-09-10 20:44:14','84d4114c-6e5a-48f7-be01-f7a7dfbcf1b4'),(27,1,'OkvxItmSErSdNVPf','3b206586850c6ee9e98d0ad1ecf7084078fb05ad4dd83004b8e8cf06f5704123',NULL,'2021-09-11 08:47:27','221ce204-0280-4150-a480-0456bec1fde2'),(28,1,'30uTBtRr0difZwkr','a09ed700566e95f5e62a8451030c09427529f2955912455e81ec2a8f1e315894',NULL,'2021-09-11 08:54:09','ae6bf577-60e5-4f31-a287-ce886c59534e'),(29,1,'qQWn0i7YqPBn87TE','8b0410ec040babec5f332a6d53d5269e04d32c11148981fadd44814c83588877',NULL,'2021-09-11 08:55:33','854be195-807a-49ed-a3f4-a6372d18baec'),(30,1,'vzuAgM4KUoAHl06q','4b705fc5f81db6152d8464356610bc439cb5022138e179f3b11e12b844338a2f',NULL,'2021-09-11 09:39:53','47028067-c355-48d3-baba-fb103c5d0561'),(31,1,'yE7u30HMYrtfCENd','564443574c70e33b14abb0f7918a7ced0e5662253ab039d1970cc6ee392f5f3b',NULL,'2021-09-11 15:26:22','22ae50b9-c020-4e9b-b4ff-fef690b97050'),(32,22,'rp6kvVkrXUV9fpUt','dba698b3efaec41891ec301573a34b040057c798e33af3941ff4017f9937195b',NULL,'2021-09-13 11:00:19','aebff858-c467-430f-9e34-f3df1b9d9d9d'),(33,21,'KzIGub2SAr1CnfJf','0860e2795178016ad67d0b27797a2894e3745bb18587c2391997854d380c5893',NULL,'2021-09-13 11:02:06','58287414-c744-43cd-89c0-b47f88df0078'),(34,19,'LmpDYC41ZeEOvq01','fe0b1d5c02612484216640c137b792367f22add2e2e8042b7177e49b530e7312',NULL,'2021-09-13 11:04:20','7668ab67-fcba-4560-947d-0cc4e9975682'),(35,20,'zG2Zv9yFGhGlXwv3','e17ffb066938c421b75359d3ad50948c4918f98960461fb6b955a93d601e8ed6',NULL,'2021-09-14 09:29:13','e51145d9-296a-407b-8d9b-ad1ba8fb6fa1'),(36,15,'jm8w7juscnpK2rax','8612581c9a6cbe94779c4ba43d812208a656bd2451cb1a0c841bacbcedce8bcf',NULL,'2021-09-14 10:20:23','3dd1f134-3d09-441b-adf5-5823949896f9'),(37,1,'c2DvhyYK17CzOJLb','c0fda044def9da73cfc034b1784f15c98644470a31601763a379bd7efde8c0ba',NULL,'2021-09-14 10:39:49','d46c6584-892e-4c94-893d-63844fc10117'),(38,22,'dTWgSpbJUUJ2HXTA','47713fa8ce0d85d2dde90deae23550a250db4626ecac4ac11e9a52fe9d4660cd',NULL,'2021-09-14 11:16:59','9c984fd6-544a-4998-86d1-1ec697df828f'),(39,21,'eyQIh6bJ3GHFN4C8','cc9fd791e7d72305bbb37fa46d8c6197b1e01fc6de0791b7da245f5a87866a59',NULL,'2021-09-15 09:28:12','873f1f11-e295-4569-8dc6-b2768591bf92'),(40,1,'k21p6b504pEIluw7','3f6457fa75845364c4eb8b4645586db72d520c3e14f93a4c84dc5de407facb2d',NULL,'2021-09-15 12:14:06','8bcb7752-3694-4043-b0cc-b482eee41f17'),(41,21,'sbyGDV5bo24Y9P7d','4901f177921322712771f25dcecac99f79d1f18c0d69fff23f4af10c31950adf',NULL,'2021-09-15 16:48:34','736eaf66-8055-41f9-9b63-6bdb5d91300c'),(42,1,'qLyzhZKyRKhVWn0V','fbd6913bfdc1ec6ab1b8c30751b6ee72c8352856f39a5c61b425499a276d3643',NULL,'2021-09-17 11:17:35','5a2d8644-ce83-4199-acad-c2f3e8c2e0b8'),(43,20,'AWAwu44qrssy6o2X','0a886953e64ab311e97fb915251bb934091eb8ccb08e87836237ba8e442f1eb0',NULL,'2021-09-21 10:18:22','2f03f09c-7cec-4e14-959d-db8658660e21'),(44,20,'tzSC7M6cCuUOAzAH','ceafe4272f31a997782e0bc23551c4a57fd6b0729842ce25889509fc45596961',NULL,'2021-09-21 10:18:37','746e9f55-db2b-4ba4-a6d5-ba3de3d288b8'),(45,22,'EC7p2rT8aFKa8sb5','a95915bb16f0f7c68e85c97400c833fab1c53e9866d5eb10de496b33faae7366',NULL,'2021-09-21 20:32:39','9a2bb3e5-f81f-46bb-9314-277670efe2cf');
/*!40000 ALTER TABLE `user_login_hash` ENABLE KEYS */;
UNLOCK TABLES;
/*!40103 SET TIME_ZONE=@OLD_TIME_ZONE */;

/*!40101 SET SQL_MODE=@OLD_SQL_MODE */;
/*!40014 SET FOREIGN_KEY_CHECKS=@OLD_FOREIGN_KEY_CHECKS */;
/*!40014 SET UNIQUE_CHECKS=@OLD_UNIQUE_CHECKS */;
/*!40101 SET CHARACTER_SET_CLIENT=@OLD_CHARACTER_SET_CLIENT */;
/*!40101 SET CHARACTER_SET_RESULTS=@OLD_CHARACTER_SET_RESULTS */;
/*!40101 SET COLLATION_CONNECTION=@OLD_COLLATION_CONNECTION */;
/*!40111 SET SQL_NOTES=@OLD_SQL_NOTES */;

-- Dump completed on 2021-09-22 19:26:44
